-- Insert parent tasks trước (không có parent_task_id)
INSERT INTO tasks (id, task_number, title, description, deadline, priority, status, progress, created_by_id, department_id, parent_task_id, completed_at, leadership_score, evaluated_by_id, evaluated_at, is_deleted, deleted_at, deleted_by_id, created_at, updated_at) VALUES ('badc8efa-5302-4cd0-955c-5d0303c01292', '#25-001', 'Xây dựng kế hoạch công tác năm 2025', 'Lập kế hoạch chi tiết cho các hoạt động trong năm 2025, bao gồm kế hoạch tài chính và nhân sự', '2025-12-15T07:17:40.592Z', 'Quan trọng', 'Chưa bắt đầu', 0, '1c832a34-36b8-4227-89f2-68f4250dd371', 'fe3ac6f0-c7b5-425a-b7fe-175d88c6bfda', NULL, NULL, NULL, NULL, NULL, false, NULL, NULL, '2025-11-15T07:17:40.606Z', '2025-11-15T07:17:40.606Z');
INSERT INTO tasks (id, task_number, title, description, deadline, priority, status, progress, created_by_id, department_id, parent_task_id, completed_at, leadership_score, evaluated_by_id, evaluated_at, is_deleted, deleted_at, deleted_by_id, created_at, updated_at) VALUES ('a3225e01-73fb-4a54-865e-51774c0a24e2', '#25-005', 'Cập nhật quy trình xử lý hồ sơ - Phòng Hành chính - Tổng hợp', 'Rà soát và cập nhật quy trình xử lý hồ sơ theo quy định mới', '2025-11-30T23:59:59.999Z', 'Quan trọng', 'Chưa bắt đầu', 0, '3b6b2457-85c9-4429-8491-02b217c404ab', 'feea9c9d-3625-44db-8266-60d3626882d1', NULL, NULL, NULL, NULL, NULL, false, NULL, NULL, '2025-11-15T10:03:11.951Z', '2025-11-15T10:03:11.951Z');
INSERT INTO tasks (id, task_number, title, description, deadline, priority, status, progress, created_by_id, department_id, parent_task_id, completed_at, leadership_score, evaluated_by_id, evaluated_at, is_deleted, deleted_at, deleted_by_id, created_at, updated_at) VALUES ('78fd8195-cc67-4643-9fae-c9e16f5e7238', '999', 'Nhiệm vụ test badge sidebar', 'Nhiệm vụ này để test badge "Nhiệm vụ phòng ban" trong sidebar', '2025-11-22T00:00:00.000Z', 'Trung bình', 'Đang thực hiện', 50, '86e6ed19-b3e9-432b-853c-c440508d08a7', '9c7b4c9f-5724-4063-8577-d113bc24a8f9', NULL, NULL, NULL, NULL, NULL, false, NULL, NULL, '2025-11-15T08:41:34.537Z', '2025-11-15T08:53:42.837Z');
INSERT INTO tasks (id, task_number, title, description, deadline, priority, status, progress, created_by_id, department_id, parent_task_id, completed_at, leadership_score, evaluated_by_id, evaluated_at, is_deleted, deleted_at, deleted_by_id, created_at, updated_at) VALUES ('d9cbfd9a-4e2a-46b8-b23e-5f58eea78791', '#25-002', 'Test thành công! Cả 2 badges đều hiển thị đúng', 'Test thành công! Cả 2 badges đều hiển thị đúngTest thành công! Cả 2 badges đều hiển thị đúng', '2025-11-21T00:00:00.000Z', 'Bình thường', 'Hoàn thành', 100, '2e0c7d6f-cbae-48aa-b769-382238c68395', NULL, NULL, NULL, 8.0, '2e0c7d6f-cbae-48aa-b769-382238c68395', '2025-11-15T09:10:59.979Z', false, NULL, NULL, '2025-11-15T08:50:42.483Z', '2025-11-15T09:11:00.099Z');
INSERT INTO tasks (id, task_number, title, description, deadline, priority, status, progress, created_by_id, department_id, parent_task_id, completed_at, leadership_score, evaluated_by_id, evaluated_at, is_deleted, deleted_at, deleted_by_id, created_at, updated_at) VALUES ('84a0557f-c9c9-4739-b377-24bf8b1a383a', '#25-008', 'Cập nhật quy trình xử lý hồ sơ - Phòng Kiểm soát thủ tục hành chính', 'Rà soát và cập nhật quy trình xử lý hồ sơ theo quy định mới', '2025-11-30T23:59:59.999Z', 'Quan trọng', 'Chưa bắt đầu', 0, 'd6940620-d4b5-4e86-942d-b10a86fe82a6', 'fe3ac6f0-c7b5-425a-b7fe-175d88c6bfda', NULL, NULL, NULL, NULL, NULL, false, NULL, NULL, '2025-11-15T10:03:12.517Z', '2025-11-15T10:03:12.517Z');
INSERT INTO tasks (id, task_number, title, description, deadline, priority, status, progress, created_by_id, department_id, parent_task_id, completed_at, leadership_score, evaluated_by_id, evaluated_at, is_deleted, deleted_at, deleted_by_id, created_at, updated_at) VALUES ('16ca2b77-dde2-4103-a4f9-e0c9d62c5fde', '#25-011', 'Cập nhật quy trình xử lý hồ sơ - Phòng Tiếp nhận và Trả kết quả giải quyết TTHC', 'Rà soát và cập nhật quy trình xử lý hồ sơ theo quy định mới', '2025-11-30T23:59:59.999Z', 'Quan trọng', 'Chưa bắt đầu', 0, '86e6ed19-b3e9-432b-853c-c440508d08a7', '9c7b4c9f-5724-4063-8577-d113bc24a8f9', NULL, NULL, NULL, NULL, NULL, false, NULL, NULL, '2025-11-15T10:03:13.028Z', '2025-11-15T10:03:13.028Z');
INSERT INTO tasks (id, task_number, title, description, deadline, priority, status, progress, created_by_id, department_id, parent_task_id, completed_at, leadership_score, evaluated_by_id, evaluated_at, is_deleted, deleted_at, deleted_by_id, created_at, updated_at) VALUES ('50f871ed-d9a8-4709-a9bc-7b903c0a603d', '#25-014', 'Cập nhật quy trình xử lý hồ sơ - Phòng Ứng dụng CNTT và hỗ trợ nghiệp vụ', 'Rà soát và cập nhật quy trình xử lý hồ sơ theo quy định mới', '2025-11-30T23:59:59.999Z', 'Quan trọng', 'Chưa bắt đầu', 0, '668ee7c6-3dda-4258-a628-73b6ef990fc7', 'dda4e1f8-cd63-4dfc-9fa4-c50dee67241f', NULL, NULL, NULL, NULL, NULL, false, NULL, NULL, '2025-11-15T10:03:13.766Z', '2025-11-15T10:03:13.766Z');
INSERT INTO tasks (id, task_number, title, description, deadline, priority, status, progress, created_by_id, department_id, parent_task_id, completed_at, leadership_score, evaluated_by_id, evaluated_at, is_deleted, deleted_at, deleted_by_id, created_at, updated_at) VALUES ('65a82c08-85c1-4d6d-8775-ffcc0ff303dc', '#25-015', 'Kiểm tra và bảo trì hệ thống - Phòng Ứng dụng CNTT và hỗ trợ nghiệp vụ', 'Thực hiện kiểm tra định kỳ và bảo trì hệ thống thông tin', '2025-12-05T23:59:59.999Z', 'Bình thường', 'Chưa bắt đầu', 0, '668ee7c6-3dda-4258-a628-73b6ef990fc7', 'dda4e1f8-cd63-4dfc-9fa4-c50dee67241f', NULL, NULL, NULL, NULL, NULL, false, NULL, NULL, '2025-11-15T10:03:13.897Z', '2025-11-15T10:03:13.897Z');
INSERT INTO tasks (id, task_number, title, description, deadline, priority, status, progress, created_by_id, department_id, parent_task_id, completed_at, leadership_score, evaluated_by_id, evaluated_at, is_deleted, deleted_at, deleted_by_id, created_at, updated_at) VALUES ('e1752e75-29bb-415d-8000-91623a374807', '#25-010', 'Báo cáo tháng - Phòng Kiểm soát thủ tục hành chính', 'Tổng hợp số liệu và lập báo cáo kết quả hoạt động tháng', '2025-11-20T23:59:59.999Z', 'Khẩn cấp', 'Đang thực hiện', 25, 'd6940620-d4b5-4e86-942d-b10a86fe82a6', 'fe3ac6f0-c7b5-425a-b7fe-175d88c6bfda', NULL, NULL, NULL, NULL, NULL, false, NULL, NULL, '2025-11-15T10:03:12.858Z', '2025-11-15T10:18:16.274Z');
INSERT INTO tasks (id, task_number, title, description, deadline, priority, status, progress, created_by_id, department_id, parent_task_id, completed_at, leadership_score, evaluated_by_id, evaluated_at, is_deleted, deleted_at, deleted_by_id, created_at, updated_at) VALUES ('5d98fd01-0ff8-4efd-b861-bc2a77b6c19a', '#25-013', 'Báo cáo tháng - Phòng Tiếp nhận và Trả kết quả giải quyết TTHC', 'Tổng hợp số liệu và lập báo cáo kết quả hoạt động tháng', '2025-11-20T23:59:59.999Z', 'Khẩn cấp', 'Đang thực hiện', 50, '86e6ed19-b3e9-432b-853c-c440508d08a7', '9c7b4c9f-5724-4063-8577-d113bc24a8f9', NULL, NULL, NULL, NULL, NULL, false, NULL, NULL, '2025-11-15T10:03:13.592Z', '2025-11-15T10:17:25.880Z');
INSERT INTO tasks (id, task_number, title, description, deadline, priority, status, progress, created_by_id, department_id, parent_task_id, completed_at, leadership_score, evaluated_by_id, evaluated_at, is_deleted, deleted_at, deleted_by_id, created_at, updated_at) VALUES ('92f732a5-cf7a-47ea-8919-121e9fe89c81', '#25-016', 'Báo cáo tháng - Phòng Ứng dụng CNTT và hỗ trợ nghiệp vụ', 'Tổng hợp số liệu và lập báo cáo kết quả hoạt động tháng', '2025-11-20T23:59:59.999Z', 'Khẩn cấp', 'Đang thực hiện', 50, '668ee7c6-3dda-4258-a628-73b6ef990fc7', 'dda4e1f8-cd63-4dfc-9fa4-c50dee67241f', NULL, NULL, NULL, NULL, NULL, false, NULL, NULL, '2025-11-15T10:03:14.031Z', '2025-11-15T10:16:15.790Z');
INSERT INTO tasks (id, task_number, title, description, deadline, priority, status, progress, created_by_id, department_id, parent_task_id, completed_at, leadership_score, evaluated_by_id, evaluated_at, is_deleted, deleted_at, deleted_by_id, created_at, updated_at) VALUES ('065427c7-5620-4852-ba0c-b4f72df23d72', '#25-007', 'Báo cáo tháng - Phòng Hành chính - Tổng hợp', 'Tổng hợp số liệu và lập báo cáo kết quả hoạt động tháng', '2025-11-20T23:59:59.999Z', 'Khẩn cấp', 'Đang thực hiện', 75, '3b6b2457-85c9-4429-8491-02b217c404ab', 'feea9c9d-3625-44db-8266-60d3626882d1', NULL, NULL, NULL, NULL, NULL, false, NULL, NULL, '2025-11-15T10:03:12.342Z', '2025-11-15T10:19:37.857Z');
INSERT INTO tasks (id, task_number, title, description, deadline, priority, status, progress, created_by_id, department_id, parent_task_id, completed_at, leadership_score, evaluated_by_id, evaluated_at, is_deleted, deleted_at, deleted_by_id, created_at, updated_at) VALUES ('9af22714-3090-4c27-b75c-f719938362c5', '#25-006', 'Kiểm tra và bảo trì hệ thống - Phòng Hành chính - Tổng hợp', 'Thực hiện kiểm tra định kỳ và bảo trì hệ thống thông tin', '2025-11-15T00:00:00.000Z', 'Bình thường', 'Chưa bắt đầu', 0, '3b6b2457-85c9-4429-8491-02b217c404ab', 'feea9c9d-3625-44db-8266-60d3626882d1', NULL, NULL, NULL, NULL, NULL, false, NULL, NULL, '2025-11-15T10:03:12.171Z', '2025-11-15T14:32:11.136Z');
INSERT INTO tasks (id, task_number, title, description, deadline, priority, status, progress, created_by_id, department_id, parent_task_id, completed_at, leadership_score, evaluated_by_id, evaluated_at, is_deleted, deleted_at, deleted_by_id, created_at, updated_at) VALUES ('936f8ecd-1691-4569-bc6b-8f151c8950d9', '#25-017', 'Parent Task Test - Kiểm tra tự động hoàn thành', 'Testing parent task auto-completion', '2025-11-22T00:00:00.000Z', 'Bình thường', 'Hoàn thành', 100, '86e6ed19-b3e9-432b-853c-c440508d08a7', '9c7b4c9f-5724-4063-8577-d113bc24a8f9', NULL, NULL, NULL, NULL, NULL, false, NULL, NULL, '2025-11-15T10:28:31.896Z', '2025-11-15T13:58:33.475Z');
INSERT INTO tasks (id, task_number, title, description, deadline, priority, status, progress, created_by_id, department_id, parent_task_id, completed_at, leadership_score, evaluated_by_id, evaluated_at, is_deleted, deleted_at, deleted_by_id, created_at, updated_at) VALUES ('e3661356-4f15-4b23-bd5f-ead0f274f021', '#25-020', 'Parent Task - Kiểm tra tự động hoàn thành qua checklist', 'Testing parent task auto-completion via checklist', '2025-11-22T00:00:00.000Z', 'Bình thường', 'Hoàn thành', 100, '86e6ed19-b3e9-432b-853c-c440508d08a7', '9c7b4c9f-5724-4063-8577-d113bc24a8f9', NULL, NULL, NULL, NULL, NULL, false, NULL, NULL, '2025-11-15T10:42:45.240Z', '2025-11-15T14:31:15.080Z');
INSERT INTO tasks (id, task_number, title, description, deadline, priority, status, progress, created_by_id, department_id, parent_task_id, completed_at, leadership_score, evaluated_by_id, evaluated_at, is_deleted, deleted_at, deleted_by_id, created_at, updated_at) VALUES ('338ae180-d7ce-4f52-acd1-965d55abda8e', '#25-009', 'Kiểm tra và bảo trì hệ thống - Phòng Kiểm soát thủ tục hành chính', 'Thực hiện kiểm tra định kỳ và bảo trì hệ thống thông tin', '2025-11-10T00:00:00.000Z', 'Bình thường', 'Chưa bắt đầu', 0, 'd6940620-d4b5-4e86-942d-b10a86fe82a6', 'fe3ac6f0-c7b5-425a-b7fe-175d88c6bfda', NULL, NULL, NULL, NULL, NULL, false, NULL, NULL, '2025-11-15T10:03:12.688Z', '2025-11-15T14:33:31.952Z');
INSERT INTO tasks (id, task_number, title, description, deadline, priority, status, progress, created_by_id, department_id, parent_task_id, completed_at, leadership_score, evaluated_by_id, evaluated_at, is_deleted, deleted_at, deleted_by_id, created_at, updated_at) VALUES ('200aacbc-7b60-4545-ae6d-1a5505818676', '#25-003', 'Test Parent Task - Groq API Migration #E_Hp', 'Testing parent task functionality with AI features', '2025-11-18T00:00:00.000Z', 'Khẩn cấp', 'Hoàn thành', 100, '86e6ed19-b3e9-432b-853c-c440508d08a7', '9c7b4c9f-5724-4063-8577-d113bc24a8f9', NULL, NULL, NULL, NULL, NULL, false, NULL, NULL, '2025-11-15T09:36:51.450Z', '2025-11-15T10:57:33.655Z');
INSERT INTO tasks (id, task_number, title, description, deadline, priority, status, progress, created_by_id, department_id, parent_task_id, completed_at, leadership_score, evaluated_by_id, evaluated_at, is_deleted, deleted_at, deleted_by_id, created_at, updated_at) VALUES ('4026f779-4beb-4cc1-bc64-a71d355452c0', '#25-022', 'Subtask 2 - Hoàn thiện báo cáo', 'Complete report', '2025-11-22T10:47:06.424Z', 'Bình thường', 'Đang thực hiện', 50, '86e6ed19-b3e9-432b-853c-c440508d08a7', '9c7b4c9f-5724-4063-8577-d113bc24a8f9', NULL, NULL, NULL, NULL, NULL, false, NULL, NULL, '2025-11-15T10:47:06.495Z', '2025-11-15T14:31:47.318Z');
INSERT INTO tasks (id, task_number, title, description, deadline, priority, status, progress, created_by_id, department_id, parent_task_id, completed_at, leadership_score, evaluated_by_id, evaluated_at, is_deleted, deleted_at, deleted_by_id, created_at, updated_at) VALUES ('e87b64f0-f1b5-4993-af09-7ae6c5ce62e4', '#25-021', 'Subtask 1 - Chuẩn bị tài liệu', 'Prepare documents', '2025-11-16T00:00:00.000Z', 'Bình thường', 'Chưa bắt đầu', 0, '86e6ed19-b3e9-432b-853c-c440508d08a7', '9c7b4c9f-5724-4063-8577-d113bc24a8f9', NULL, NULL, NULL, NULL, NULL, false, NULL, NULL, '2025-11-15T10:46:51.843Z', '2025-11-15T14:32:29.241Z');
INSERT INTO tasks (id, task_number, title, description, deadline, priority, status, progress, created_by_id, department_id, parent_task_id, completed_at, leadership_score, evaluated_by_id, evaluated_at, is_deleted, deleted_at, deleted_by_id, created_at, updated_at) VALUES ('1c03e75d-f4cb-4ec1-b245-b8f1dd14b1f0', '#25-012', 'Kiểm tra và bảo trì hệ thống - Phòng Tiếp nhận và Trả kết quả giải quyết TTHC', 'Thực hiện kiểm tra định kỳ và bảo trì hệ thống thông tin', '2025-11-16T00:00:00.000Z', 'Bình thường', 'Đang thực hiện', 50, '86e6ed19-b3e9-432b-853c-c440508d08a7', '9c7b4c9f-5724-4063-8577-d113bc24a8f9', NULL, NULL, NULL, NULL, NULL, false, NULL, NULL, '2025-11-15T10:03:13.200Z', '2025-11-15T14:34:45.233Z');

-- Insert subtasks sau (có parent_task_id)
INSERT INTO tasks (id, task_number, title, description, deadline, priority, status, progress, created_by_id, department_id, parent_task_id, completed_at, leadership_score, evaluated_by_id, evaluated_at, is_deleted, deleted_at, deleted_by_id, created_at, updated_at) VALUES ('2fd626a5-a05b-4a08-ae42-027564afb09d', '#25-018', 'Subtask 1 - Chuẩn bị tài liệu', 'Prepare documents for parent task', '2025-11-22T00:00:00.000Z', 'Bình thường', 'Hoàn thành', 100, '86e6ed19-b3e9-432b-853c-c440508d08a7', '9c7b4c9f-5724-4063-8577-d113bc24a8f9', '936f8ecd-1691-4569-bc6b-8f151c8950d9', NULL, NULL, NULL, NULL, false, NULL, NULL, '2025-11-15T10:31:20.898Z', '2025-11-15T13:58:33.257Z');
INSERT INTO tasks (id, task_number, title, description, deadline, priority, status, progress, created_by_id, department_id, parent_task_id, completed_at, leadership_score, evaluated_by_id, evaluated_at, is_deleted, deleted_at, deleted_by_id, created_at, updated_at) VALUES ('e6009330-5fe0-4cef-bf42-e231ea577bd1', '#25-004', 'Đăng nhập hệ thống không thành công', 'Sau khi sửa, tôi sẽ chạy lại test để kiểm tra các tính năng còn lại.', '2025-11-16T00:00:00.000Z', 'Quan trọng', 'Hoàn thành', 100, '86e6ed19-b3e9-432b-853c-c440508d08a7', '9c7b4c9f-5724-4063-8577-d113bc24a8f9', '200aacbc-7b60-4545-ae6d-1a5505818676', NULL, NULL, NULL, NULL, false, NULL, NULL, '2025-11-15T09:41:04.223Z', '2025-11-15T10:21:43.251Z');
INSERT INTO tasks (id, task_number, title, description, deadline, priority, status, progress, created_by_id, department_id, parent_task_id, completed_at, leadership_score, evaluated_by_id, evaluated_at, is_deleted, deleted_at, deleted_by_id, created_at, updated_at) VALUES ('116089c8-25bd-4d6f-8f72-d131e991360d', '#25-019', 'Subtask 2 - Hoàn thiện báo cáo', 'Complete report for parent task', '2025-11-22T00:00:00.000Z', 'Bình thường', 'Hoàn thành', 100, '86e6ed19-b3e9-432b-853c-c440508d08a7', '9c7b4c9f-5724-4063-8577-d113bc24a8f9', '936f8ecd-1691-4569-bc6b-8f151c8950d9', NULL, NULL, NULL, NULL, false, NULL, NULL, '2025-11-15T10:32:13.525Z', '2025-11-15T13:57:55.042Z');

-- TASK ASSIGNMENTS
INSERT INTO task_assignments (id, task_id, user_id, role, collaboration_completed, created_at) VALUES ('35b82b28-063b-43da-972d-ce9391a89086', 'badc8efa-5302-4cd0-955c-5d0303c01292', 'a6f3e9cf-6b1b-4525-b29f-96a430992afe', 'Chỉ đạo', false, '2025-11-15T07:17:40.837Z');
INSERT INTO task_assignments (id, task_id, user_id, role, collaboration_completed, created_at) VALUES ('2c8db0aa-c0bf-49fd-9c74-81278946a948', 'd9cbfd9a-4e2a-46b8-b23e-5f58eea78791', '2e0c7d6f-cbae-48aa-b769-382238c68395', 'Chỉ đạo', false, '2025-11-15T08:50:42.710Z');
INSERT INTO task_assignments (id, task_id, user_id, role, collaboration_completed, created_at) VALUES ('134a9b6a-141f-49bf-8cc8-bacea9b5115c', 'd9cbfd9a-4e2a-46b8-b23e-5f58eea78791', '86e6ed19-b3e9-432b-853c-c440508d08a7', 'Chủ trì', false, '2025-11-15T08:50:42.710Z');
INSERT INTO task_assignments (id, task_id, user_id, role, collaboration_completed, created_at) VALUES ('47f7f81a-2d1c-40c1-b9bf-14e8c777ecfe', '78fd8195-cc67-4643-9fae-c9e16f5e7238', 'bccc5b53-8764-4113-ad3e-46a514eefc5d', 'Chủ trì', false, '2025-11-15T08:51:20.968Z');
INSERT INTO task_assignments (id, task_id, user_id, role, collaboration_completed, created_at) VALUES ('c4ad85d8-0e5e-4b49-ae82-b5a6a5ad30d7', '200aacbc-7b60-4545-ae6d-1a5505818676', '86e6ed19-b3e9-432b-853c-c440508d08a7', 'Chủ trì', false, '2025-11-15T09:36:51.696Z');
INSERT INTO task_assignments (id, task_id, user_id, role, collaboration_completed, created_at) VALUES ('19139588-0a5e-4ca5-9e32-2d1ae05c9599', 'e6009330-5fe0-4cef-bf42-e231ea577bd1', 'e85cbace-2e0d-457f-86ad-fc7d49f4edb5', 'Chủ trì', false, '2025-11-15T09:41:05.216Z');
INSERT INTO task_assignments (id, task_id, user_id, role, collaboration_completed, created_at) VALUES ('2b68c2eb-c4af-4b8b-a741-c52504a64d46', 'a3225e01-73fb-4a54-865e-51774c0a24e2', '3b6b2457-85c9-4429-8491-02b217c404ab', 'Chủ trì', false, '2025-11-15T10:03:12.005Z');
INSERT INTO task_assignments (id, task_id, user_id, role, collaboration_completed, created_at) VALUES ('aa667666-4444-4321-944c-f098eea48d1f', 'a3225e01-73fb-4a54-865e-51774c0a24e2', 'f873f37f-3255-4c83-8e80-42570fc8db27', 'Phối hợp', false, '2025-11-15T10:03:12.052Z');
INSERT INTO task_assignments (id, task_id, user_id, role, collaboration_completed, created_at) VALUES ('3e0cd9ca-307f-4415-b148-5982378ffa9e', 'a3225e01-73fb-4a54-865e-51774c0a24e2', '48d9bbf3-60a5-4a57-a1b5-778815680d98', 'Phối hợp', false, '2025-11-15T10:03:12.096Z');
INSERT INTO task_assignments (id, task_id, user_id, role, collaboration_completed, created_at) VALUES ('133f6836-2980-49bc-8319-6cc9b929440e', '9af22714-3090-4c27-b75c-f719938362c5', '3b6b2457-85c9-4429-8491-02b217c404ab', 'Chủ trì', false, '2025-11-15T10:03:12.214Z');
INSERT INTO task_assignments (id, task_id, user_id, role, collaboration_completed, created_at) VALUES ('f8f3c8ad-fce6-4fb5-be0a-47fed912414f', '9af22714-3090-4c27-b75c-f719938362c5', 'f873f37f-3255-4c83-8e80-42570fc8db27', 'Phối hợp', false, '2025-11-15T10:03:12.256Z');
INSERT INTO task_assignments (id, task_id, user_id, role, collaboration_completed, created_at) VALUES ('f198063d-e5d4-48b1-8ce2-f4b5142ab269', '9af22714-3090-4c27-b75c-f719938362c5', '48d9bbf3-60a5-4a57-a1b5-778815680d98', 'Phối hợp', false, '2025-11-15T10:03:12.298Z');
INSERT INTO task_assignments (id, task_id, user_id, role, collaboration_completed, created_at) VALUES ('92742fcb-06e7-4229-a7f6-2c1c0b208eca', '065427c7-5620-4852-ba0c-b4f72df23d72', '3b6b2457-85c9-4429-8491-02b217c404ab', 'Chủ trì', false, '2025-11-15T10:03:12.385Z');
INSERT INTO task_assignments (id, task_id, user_id, role, collaboration_completed, created_at) VALUES ('60950721-f223-4ee7-95fc-eff15f02d888', '065427c7-5620-4852-ba0c-b4f72df23d72', 'f873f37f-3255-4c83-8e80-42570fc8db27', 'Phối hợp', false, '2025-11-15T10:03:12.427Z');
INSERT INTO task_assignments (id, task_id, user_id, role, collaboration_completed, created_at) VALUES ('f0ad8ede-9d45-4ed2-a1b1-1df08278e1b4', '065427c7-5620-4852-ba0c-b4f72df23d72', '48d9bbf3-60a5-4a57-a1b5-778815680d98', 'Phối hợp', false, '2025-11-15T10:03:12.473Z');
INSERT INTO task_assignments (id, task_id, user_id, role, collaboration_completed, created_at) VALUES ('126742e7-d285-41d0-8adb-2af5e21ac1c3', '84a0557f-c9c9-4739-b377-24bf8b1a383a', 'd6940620-d4b5-4e86-942d-b10a86fe82a6', 'Chủ trì', false, '2025-11-15T10:03:12.559Z');
INSERT INTO task_assignments (id, task_id, user_id, role, collaboration_completed, created_at) VALUES ('acec3916-dd02-4ade-911b-1a8810b01ca1', '84a0557f-c9c9-4739-b377-24bf8b1a383a', 'd137709e-5408-41c5-980e-29e6ce5e16a4', 'Phối hợp', false, '2025-11-15T10:03:12.602Z');
INSERT INTO task_assignments (id, task_id, user_id, role, collaboration_completed, created_at) VALUES ('b3880198-f4ad-4583-a983-bc64f113908d', '84a0557f-c9c9-4739-b377-24bf8b1a383a', 'fb0bf2de-2296-494c-bd31-77ca951ca9f9', 'Phối hợp', false, '2025-11-15T10:03:12.645Z');
INSERT INTO task_assignments (id, task_id, user_id, role, collaboration_completed, created_at) VALUES ('3ef4e15b-1c73-4602-b311-79d13188a6b0', '338ae180-d7ce-4f52-acd1-965d55abda8e', 'd6940620-d4b5-4e86-942d-b10a86fe82a6', 'Chủ trì', false, '2025-11-15T10:03:12.731Z');
INSERT INTO task_assignments (id, task_id, user_id, role, collaboration_completed, created_at) VALUES ('47e72c7a-b023-4ed1-bdd6-9becd92af5ac', '338ae180-d7ce-4f52-acd1-965d55abda8e', 'd137709e-5408-41c5-980e-29e6ce5e16a4', 'Phối hợp', false, '2025-11-15T10:03:12.773Z');
INSERT INTO task_assignments (id, task_id, user_id, role, collaboration_completed, created_at) VALUES ('2ea129e7-99ba-4316-ae97-115df3354b63', '338ae180-d7ce-4f52-acd1-965d55abda8e', 'fb0bf2de-2296-494c-bd31-77ca951ca9f9', 'Phối hợp', false, '2025-11-15T10:03:12.815Z');
INSERT INTO task_assignments (id, task_id, user_id, role, collaboration_completed, created_at) VALUES ('11575c48-1932-452b-b601-a5a2b0f5342b', 'e1752e75-29bb-415d-8000-91623a374807', 'd6940620-d4b5-4e86-942d-b10a86fe82a6', 'Chủ trì', false, '2025-11-15T10:03:12.900Z');
INSERT INTO task_assignments (id, task_id, user_id, role, collaboration_completed, created_at) VALUES ('d5e4c1f5-4aea-4979-880d-23f32870bf87', 'e1752e75-29bb-415d-8000-91623a374807', 'd137709e-5408-41c5-980e-29e6ce5e16a4', 'Phối hợp', false, '2025-11-15T10:03:12.942Z');
INSERT INTO task_assignments (id, task_id, user_id, role, collaboration_completed, created_at) VALUES ('9e0a0477-75cd-4be1-ae30-08006ebc12c1', 'e1752e75-29bb-415d-8000-91623a374807', 'fb0bf2de-2296-494c-bd31-77ca951ca9f9', 'Phối hợp', false, '2025-11-15T10:03:12.984Z');
INSERT INTO task_assignments (id, task_id, user_id, role, collaboration_completed, created_at) VALUES ('b25db361-18c1-4f49-bf64-e1940c1a7762', '16ca2b77-dde2-4103-a4f9-e0c9d62c5fde', '86e6ed19-b3e9-432b-853c-c440508d08a7', 'Chủ trì', false, '2025-11-15T10:03:13.072Z');
INSERT INTO task_assignments (id, task_id, user_id, role, collaboration_completed, created_at) VALUES ('f38d860c-387a-4d63-9848-a4b57d6c415e', '16ca2b77-dde2-4103-a4f9-e0c9d62c5fde', 'e85cbace-2e0d-457f-86ad-fc7d49f4edb5', 'Phối hợp', false, '2025-11-15T10:03:13.114Z');
INSERT INTO task_assignments (id, task_id, user_id, role, collaboration_completed, created_at) VALUES ('353398ad-2fa5-4893-8c9c-d384d5289d69', '16ca2b77-dde2-4103-a4f9-e0c9d62c5fde', '87a686bc-96ac-4d35-a48a-6c36941c6c02', 'Phối hợp', false, '2025-11-15T10:03:13.156Z');
INSERT INTO task_assignments (id, task_id, user_id, role, collaboration_completed, created_at) VALUES ('794b8181-aabe-46c7-abab-c0e34aefeb6d', '1c03e75d-f4cb-4ec1-b245-b8f1dd14b1f0', '86e6ed19-b3e9-432b-853c-c440508d08a7', 'Chủ trì', false, '2025-11-15T10:03:13.457Z');
INSERT INTO task_assignments (id, task_id, user_id, role, collaboration_completed, created_at) VALUES ('9b475280-f7e3-4983-a160-a417f5561418', '1c03e75d-f4cb-4ec1-b245-b8f1dd14b1f0', 'e85cbace-2e0d-457f-86ad-fc7d49f4edb5', 'Phối hợp', false, '2025-11-15T10:03:13.503Z');
INSERT INTO task_assignments (id, task_id, user_id, role, collaboration_completed, created_at) VALUES ('5429b962-840f-4d4c-bd11-d2e63fcd9df8', '1c03e75d-f4cb-4ec1-b245-b8f1dd14b1f0', '87a686bc-96ac-4d35-a48a-6c36941c6c02', 'Phối hợp', false, '2025-11-15T10:03:13.547Z');
INSERT INTO task_assignments (id, task_id, user_id, role, collaboration_completed, created_at) VALUES ('30d78672-9020-4225-8106-e32b48ab657a', '5d98fd01-0ff8-4efd-b861-bc2a77b6c19a', '86e6ed19-b3e9-432b-853c-c440508d08a7', 'Chủ trì', false, '2025-11-15T10:03:13.634Z');
INSERT INTO task_assignments (id, task_id, user_id, role, collaboration_completed, created_at) VALUES ('fae235d1-dc27-4ab8-b164-6b368c7323c6', '5d98fd01-0ff8-4efd-b861-bc2a77b6c19a', 'e85cbace-2e0d-457f-86ad-fc7d49f4edb5', 'Phối hợp', false, '2025-11-15T10:03:13.678Z');
INSERT INTO task_assignments (id, task_id, user_id, role, collaboration_completed, created_at) VALUES ('3257035e-8e9c-4897-87a5-6b6185904a29', '5d98fd01-0ff8-4efd-b861-bc2a77b6c19a', '87a686bc-96ac-4d35-a48a-6c36941c6c02', 'Phối hợp', false, '2025-11-15T10:03:13.720Z');
INSERT INTO task_assignments (id, task_id, user_id, role, collaboration_completed, created_at) VALUES ('45a6a659-34e3-4223-8b31-d85fa16fbd5c', '50f871ed-d9a8-4709-a9bc-7b903c0a603d', '668ee7c6-3dda-4258-a628-73b6ef990fc7', 'Chủ trì', false, '2025-11-15T10:03:13.810Z');
INSERT INTO task_assignments (id, task_id, user_id, role, collaboration_completed, created_at) VALUES ('470970df-fb17-4637-b492-86e31acd91a6', '50f871ed-d9a8-4709-a9bc-7b903c0a603d', '1f890646-c5a4-41c3-b607-2ce85e0d1b05', 'Phối hợp', false, '2025-11-15T10:03:13.854Z');
INSERT INTO task_assignments (id, task_id, user_id, role, collaboration_completed, created_at) VALUES ('c4639cf3-c29e-461a-aa05-665f90ca6f11', '65a82c08-85c1-4d6d-8775-ffcc0ff303dc', '668ee7c6-3dda-4258-a628-73b6ef990fc7', 'Chủ trì', false, '2025-11-15T10:03:13.942Z');
INSERT INTO task_assignments (id, task_id, user_id, role, collaboration_completed, created_at) VALUES ('7f9b3312-08bc-42d8-838d-3cb0365bee56', '92f732a5-cf7a-47ea-8919-121e9fe89c81', '1f890646-c5a4-41c3-b607-2ce85e0d1b05', 'Phối hợp', false, '2025-11-15T10:03:14.118Z');
INSERT INTO task_assignments (id, task_id, user_id, role, collaboration_completed, created_at) VALUES ('bf6f636c-2327-4836-bc04-8768a4b2f356', '65a82c08-85c1-4d6d-8775-ffcc0ff303dc', '1f890646-c5a4-41c3-b607-2ce85e0d1b05', 'Phối hợp', false, '2025-11-15T10:03:13.983Z');
INSERT INTO task_assignments (id, task_id, user_id, role, collaboration_completed, created_at) VALUES ('bc395921-cafd-4ebe-87f3-13a69cf19e6b', '92f732a5-cf7a-47ea-8919-121e9fe89c81', '668ee7c6-3dda-4258-a628-73b6ef990fc7', 'Chủ trì', false, '2025-11-15T10:03:14.074Z');
INSERT INTO task_assignments (id, task_id, user_id, role, collaboration_completed, created_at) VALUES ('fd161498-0c27-41e1-af76-070f1726ca85', '936f8ecd-1691-4569-bc6b-8f151c8950d9', '86e6ed19-b3e9-432b-853c-c440508d08a7', 'Chủ trì', false, '2025-11-15T10:28:32.156Z');
INSERT INTO task_assignments (id, task_id, user_id, role, collaboration_completed, created_at) VALUES ('627dd37d-feb9-4f19-a66a-d5d4378af4e2', '2fd626a5-a05b-4a08-ae42-027564afb09d', '86e6ed19-b3e9-432b-853c-c440508d08a7', 'Chủ trì', false, '2025-11-15T10:31:21.132Z');
INSERT INTO task_assignments (id, task_id, user_id, role, collaboration_completed, created_at) VALUES ('ecf763f0-d39c-499d-ad16-d559c12b3a6f', '116089c8-25bd-4d6f-8f72-d131e991360d', '86e6ed19-b3e9-432b-853c-c440508d08a7', 'Chủ trì', false, '2025-11-15T10:32:13.730Z');
INSERT INTO task_assignments (id, task_id, user_id, role, collaboration_completed, created_at) VALUES ('acfef33a-d7ce-4e14-9b12-a5aeff77e5e0', 'e3661356-4f15-4b23-bd5f-ead0f274f021', '86e6ed19-b3e9-432b-853c-c440508d08a7', 'Chủ trì', false, '2025-11-15T10:42:45.490Z');

-- TASK EVALUATIONS
INSERT INTO task_evaluations (id, task_id, assignment_id, evaluator_id, score, comments, evaluated_at) VALUES ('2840901d-9592-4400-823b-23708ae87e44', 'd9cbfd9a-4e2a-46b8-b23e-5f58eea78791', '134a9b6a-141f-49bf-8cc8-bacea9b5115c', '2e0c7d6f-cbae-48aa-b769-382238c68395', 8.0, NULL, '2025-11-15T09:10:59.979Z');

-- CHECKLIST ITEMS
INSERT INTO checklist_items (id, task_id, title, completed, "order", created_at) VALUES ('2b1f3bf5-ebe7-4b4a-91fc-85bda28ad061', '78fd8195-cc67-4643-9fae-c9e16f5e7238', ' sdad ádads', false, 1, '2025-11-15T08:49:38.283Z');
INSERT INTO checklist_items (id, task_id, title, completed, "order", created_at) VALUES ('fac45b38-d977-4cad-98a0-804e0029bc29', 'd9cbfd9a-4e2a-46b8-b23e-5f58eea78791', 'Bắt đầu', true, 1, '2025-11-15T08:50:42.858Z');
INSERT INTO checklist_items (id, task_id, title, completed, "order", created_at) VALUES ('cfcac3bd-9dd9-44d9-ae45-3d6d549e5bf6', 'd9cbfd9a-4e2a-46b8-b23e-5f58eea78791', 'Hoàn thành', true, 2, '2025-11-15T08:50:42.858Z');
INSERT INTO checklist_items (id, task_id, title, completed, "order", created_at) VALUES ('1e26f079-47b4-4ef2-8b30-edade33c347c', '200aacbc-7b60-4545-ae6d-1a5505818676', 'Test automation item', false, 3, '2025-11-15T10:56:55.231Z');
INSERT INTO checklist_items (id, task_id, title, completed, "order", created_at) VALUES ('a9c3f768-1356-4b9b-819e-2d17b6b9cfff', '78fd8195-cc67-4643-9fae-c9e16f5e7238', 'dấd dá đa', true, 0, '2025-11-15T08:49:30.626Z');
INSERT INTO checklist_items (id, task_id, title, completed, "order", created_at) VALUES ('21c596f4-a620-456d-907b-2bcdac06f8d5', '200aacbc-7b60-4545-ae6d-1a5505818676', 'Hoàn thành', false, 2, '2025-11-15T09:36:52.031Z');
INSERT INTO checklist_items (id, task_id, title, completed, "order", created_at) VALUES ('576c53ff-558d-49fc-b2b9-d3f12b88927f', '200aacbc-7b60-4545-ae6d-1a5505818676', 'Bắt đầu', false, 1, '2025-11-15T09:36:54.045Z');
INSERT INTO checklist_items (id, task_id, title, completed, "order", created_at) VALUES ('19123352-7a45-41e7-b361-df306914c2bc', '92f732a5-cf7a-47ea-8919-121e9fe89c81', 'kết thúc', false, 1, '2025-11-15T10:16:11.276Z');
INSERT INTO checklist_items (id, task_id, title, completed, "order", created_at) VALUES ('605e7945-8a28-4a91-84af-d9703830b147', '92f732a5-cf7a-47ea-8919-121e9fe89c81', 'bắt đầu', true, 0, '2025-11-15T10:16:04.539Z');
INSERT INTO checklist_items (id, task_id, title, completed, "order", created_at) VALUES ('a48385b2-0fd5-44a8-92b6-2c22a7bb1c53', '5d98fd01-0ff8-4efd-b861-bc2a77b6c19a', 'trình lãnh đạo duyệt', false, 2, '2025-11-15T10:17:05.756Z');
INSERT INTO checklist_items (id, task_id, title, completed, "order", created_at) VALUES ('6e2c0b1c-4a19-4a76-9a6e-7bc5dfc61972', '5d98fd01-0ff8-4efd-b861-bc2a77b6c19a', 'bạn hành', false, 3, '2025-11-15T10:17:14.763Z');
INSERT INTO checklist_items (id, task_id, title, completed, "order", created_at) VALUES ('dbf40211-ee4e-4fe9-a80d-b70d297542a4', '5d98fd01-0ff8-4efd-b861-bc2a77b6c19a', 'chuẩn bị nội dung', true, 0, '2025-11-15T10:16:43.094Z');
INSERT INTO checklist_items (id, task_id, title, completed, "order", created_at) VALUES ('22a6c537-1f05-436e-9fb5-aa5e252563f5', '5d98fd01-0ff8-4efd-b861-bc2a77b6c19a', 'bắt đầu nghiên cứu', true, 1, '2025-11-15T10:16:51.971Z');
INSERT INTO checklist_items (id, task_id, title, completed, "order", created_at) VALUES ('25b6d00d-1fd2-4900-b346-a071083e0962', 'e1752e75-29bb-415d-8000-91623a374807', 'rà soát', false, 1, '2025-11-15T10:17:52.217Z');
INSERT INTO checklist_items (id, task_id, title, completed, "order", created_at) VALUES ('91c60756-3aaa-45aa-8ef5-4a5d6ecf0844', 'e1752e75-29bb-415d-8000-91623a374807', 'soạn thảo vb', false, 2, '2025-11-15T10:18:02.041Z');
INSERT INTO checklist_items (id, task_id, title, completed, "order", created_at) VALUES ('6e426b6a-5a52-4483-a545-a2e317377c6b', 'e1752e75-29bb-415d-8000-91623a374807', 'hoàn thành trình ký', false, 3, '2025-11-15T10:18:11.242Z');
INSERT INTO checklist_items (id, task_id, title, completed, "order", created_at) VALUES ('8dbc6d81-e5cc-4d47-a713-572e469d0142', 'e1752e75-29bb-415d-8000-91623a374807', 'nghiên cứu văn bản', true, 0, '2025-11-15T10:17:46.134Z');
INSERT INTO checklist_items (id, task_id, title, completed, "order", created_at) VALUES ('84cde266-ad90-4ce6-b56b-8577b62e216a', '065427c7-5620-4852-ba0c-b4f72df23d72', 'hoàn thiện bản hành', false, 3, '2025-11-15T10:19:29.408Z');
INSERT INTO checklist_items (id, task_id, title, completed, "order", created_at) VALUES ('411e33b9-266a-4c5c-8a95-566177a23160', '065427c7-5620-4852-ba0c-b4f72df23d72', 'rà soát số liệu', true, 1, '2025-11-15T10:18:59.900Z');
INSERT INTO checklist_items (id, task_id, title, completed, "order", created_at) VALUES ('81d411ff-f5c9-4b70-a01a-8a806a275c29', '065427c7-5620-4852-ba0c-b4f72df23d72', 'xin ý kiến dự thảo', true, 2, '2025-11-15T10:19:07.332Z');
INSERT INTO checklist_items (id, task_id, title, completed, "order", created_at) VALUES ('9a0c38f0-c936-48b1-a047-7d8b4c105645', '065427c7-5620-4852-ba0c-b4f72df23d72', 'tổng hợp các phòng ban', true, 0, '2025-11-15T10:18:46.061Z');
INSERT INTO checklist_items (id, task_id, title, completed, "order", created_at) VALUES ('55660e3f-fb78-484e-b1ae-45c4b6438d74', 'e6009330-5fe0-4cef-bf42-e231ea577bd1', 'Bắt đầu', true, 1, '2025-11-15T09:41:05.348Z');
INSERT INTO checklist_items (id, task_id, title, completed, "order", created_at) VALUES ('e3e988c9-0ea1-41fc-9cc7-aeb094ad318e', 'e6009330-5fe0-4cef-bf42-e231ea577bd1', 'Hoàn thành', true, 2, '2025-11-15T09:41:05.348Z');
INSERT INTO checklist_items (id, task_id, title, completed, "order", created_at) VALUES ('81b2ea39-2664-4a7a-b771-840944981855', '936f8ecd-1691-4569-bc6b-8f151c8950d9', 'Bắt đầu', false, 1, '2025-11-15T10:28:34.501Z');
INSERT INTO checklist_items (id, task_id, title, completed, "order", created_at) VALUES ('a815c106-dba3-41c7-8aee-4b33ff3ec9fd', '936f8ecd-1691-4569-bc6b-8f151c8950d9', 'Hoàn thành', false, 2, '2025-11-15T10:28:34.506Z');
INSERT INTO checklist_items (id, task_id, title, completed, "order", created_at) VALUES ('bfd3c886-ed38-4e6d-9d05-beca67a04f1e', '200aacbc-7b60-4545-ae6d-1a5505818676', 'Automation test item', false, 2, '2025-11-15T10:50:41.795Z');
INSERT INTO checklist_items (id, task_id, title, completed, "order", created_at) VALUES ('6c068d83-e241-4b7f-9496-60c5de19e69f', '116089c8-25bd-4d6f-8f72-d131e991360d', 'Bắt đầu', true, 1, '2025-11-15T10:32:13.858Z');
INSERT INTO checklist_items (id, task_id, title, completed, "order", created_at) VALUES ('a4e6fb71-cfed-4383-b2f5-040c81a2c289', '116089c8-25bd-4d6f-8f72-d131e991360d', 'Hoàn thành', true, 2, '2025-11-15T10:32:13.858Z');
INSERT INTO checklist_items (id, task_id, title, completed, "order", created_at) VALUES ('1797bd42-1cde-412d-9a9a-05d1104672e3', '2fd626a5-a05b-4a08-ae42-027564afb09d', 'Bắt đầu', true, 1, '2025-11-15T10:31:21.273Z');
INSERT INTO checklist_items (id, task_id, title, completed, "order", created_at) VALUES ('32536148-3ece-4a5b-af1a-0141dcb190a7', '2fd626a5-a05b-4a08-ae42-027564afb09d', 'Hoàn thành', true, 2, '2025-11-15T10:31:23.480Z');
INSERT INTO checklist_items (id, task_id, title, completed, "order", created_at) VALUES ('68b2f6ba-b0e7-4d8d-82c6-33f63d1f54e8', 'e3661356-4f15-4b23-bd5f-ead0f274f021', 'Bắt đầu', true, 1, '2025-11-15T10:42:45.847Z');
INSERT INTO checklist_items (id, task_id, title, completed, "order", created_at) VALUES ('3c2f3f56-7aac-4045-8754-00b78d0d716a', 'e3661356-4f15-4b23-bd5f-ead0f274f021', 'Hoàn thành', true, 2, '2025-11-15T10:42:45.870Z');
INSERT INTO checklist_items (id, task_id, title, completed, "order", created_at) VALUES ('d327a3e4-fc78-4c3d-8357-8142187d91b4', '4026f779-4beb-4cc1-bc64-a71d355452c0', 'hoàn thành', false, 1, '2025-11-15T14:31:43.841Z');
INSERT INTO checklist_items (id, task_id, title, completed, "order", created_at) VALUES ('adff6ee5-e0cc-4d78-bf6b-34be8b90ed90', '4026f779-4beb-4cc1-bc64-a71d355452c0', 'bắt đầu', true, 0, '2025-11-15T14:31:37.072Z');
INSERT INTO checklist_items (id, task_id, title, completed, "order", created_at) VALUES ('0894e2f8-2747-4856-92f4-aecd3b6432d3', '1c03e75d-f4cb-4ec1-b245-b8f1dd14b1f0', 'bắt đầu', true, 0, '2025-11-15T14:34:20.636Z');
INSERT INTO checklist_items (id, task_id, title, completed, "order", created_at) VALUES ('c9de1812-ce76-488a-827a-9b6a2b2a0290', '1c03e75d-f4cb-4ec1-b245-b8f1dd14b1f0', 'hoàn thành', false, 1, '2025-11-15T14:34:31.420Z');
